series,label,ncopies,mode,n_finished,t_ref_s,t_batch_s,t_copy_mean_s,t_scf_median_s,t_scf_ref_s,throughput_gain,slowdown_per_calc,gpu_mem_peak_mb,gpu_util_mean_pct,max_dE0_vs_ref_eV,other_jobs_on_node
pbe_sp,scal_Si_008,1,mps,1,18.11,18.480441349,18.0,1.2925,1.2698,0.98,0.99,3125.0,25.4,0.0,1
pbe_sp,scal_Si_008,2,nomps,2,18.11,64.175595809,63.54,3.7957,1.2698,0.56,3.51,6109.0,86.8,0.0,1
pbe_sp,scal_Si_008,2,mps,2,18.11,19.046606949,18.49,1.3196,1.2698,1.9,1.02,6174.0,45.4,0.0,1
pbe_sp,scal_Si_008,4,nomps,4,18.11,118.739898349,116.1,6.841,1.2698,0.61,6.41,12214.0,94.3,0.0,1
pbe_sp,scal_Si_008,4,mps,4,18.11,20.847174551,20.04,1.3926,1.2698,3.47,1.11,12300.0,51.6,0.0,1
pbe_sp,scal_Si_008,8,nomps,8,18.11,239.726845226,237.13,14.8123,1.2698,0.6,13.1,24436.0,96.8,0.0,1
pbe_sp,scal_Si_008,8,mps,8,18.11,25.071912283,23.83,1.603,1.2698,5.78,1.32,24454.0,69.4,0.0,1
pbe_sp,scal_MgO_032,1,mps,1,138.08,138.952677194,138.46,10.1752,10.0949,0.99,1.0,3777.0,37.5,0.0,1
pbe_sp,scal_MgO_032,2,nomps,2,138.08,505.97422656,505.33,33.1748,10.0949,0.55,3.66,7433.0,89.1,0.0,1
pbe_sp,scal_MgO_032,2,mps,2,138.08,146.228419027,145.58,10.6739,10.0949,1.89,1.05,7488.0,54.7,0.0,1
pbe_sp,scal_MgO_032,4,nomps,4,138.08,952.025043715,919.95,60.451,10.0949,0.58,6.66,14862.0,95.7,0.0,1
pbe_sp,scal_MgO_032,4,mps,4,138.08,166.688557588,165.76,11.9566,10.0949,3.31,1.2,14908.0,68.6,0.0,1
pbe_sp,scal_MgO_032,8,nomps,8,138.08,1961.98596097,1938.39,124.6444,10.0949,0.56,14.04,29722.0,97.9,0.0,1
pbe_sp,scal_MgO_032,8,mps,8,138.08,219.357375708,214.51,14.9513,10.0949,5.04,1.55,29750.0,90.3,0.0,1
r2scan_sp,scal_Al_032,1,mps,1,180.73,184.221753362,183.68,12.9023,12.657,0.98,1.02,4297.0,36.1,0.0,1
r2scan_sp,scal_Al_032,2,nomps,2,180.73,388.095630259,387.38,24.8689,12.657,0.93,2.14,8813.0,73.3,0.0,1
r2scan_sp,scal_Al_032,2,mps,2,180.73,200.069229107,198.77,13.9701,12.657,1.81,1.1,8882.0,50.2,0.0,1
r2scan_sp,scal_Al_032,4,nomps,4,180.73,669.752396908,653.01,43.0424,12.657,1.08,3.61,17490.0,87.5,0.0,1
r2scan_sp,scal_Al_032,4,mps,4,180.73,245.489066077,241.32,16.4248,12.657,2.94,1.34,17640.0,69.9,0.0,1
r2scan_sp,scal_Al_032,8,nomps,8,180.73,1260.627208076,1227.08,76.6997,12.657,1.15,6.79,34934.0,93.8,0.0,1
r2scan_sp,scal_Al_032,8,mps,8,180.73,350.907388529,341.12,21.8122,12.657,4.12,1.89,35300.0,87.4,0.0,1
r2scan_sp,scal_Si_064,1,mps,1,324.25,327.751501752,327.16,23.83,23.5866,0.99,1.01,7301.0,34.3,0.0,1
r2scan_sp,scal_Si_064,2,nomps,2,324.25,586.416697443,585.69,39.7163,23.5866,1.11,1.81,14253.0,66.7,0.0,1
r2scan_sp,scal_Si_064,2,mps,2,324.25,388.008382615,386.05,28.074,23.5866,1.67,1.19,14536.0,52.9,0.0,1
r2scan_sp,scal_Si_064,4,nomps,4,324.25,958.247241605,949.72,62.9906,23.5866,1.35,2.93,28712.0,82.9,0.0,1
r2scan_sp,scal_Si_064,4,mps,4,324.25,513.066866045,498.16,33.5949,23.5866,2.53,1.54,29018.0,75.0,0.0,1
