system,func,natoms,NBANDS,nkpts,nGPU,KPAR,NSIM,rep,n_loop,t_loop_mean,t_loop_std,t_total,t_loopplus,mem_GPU_max_MiB,util_GPU_mean,E_tot,other_jobs_on_node,status,dir
LiN3_144,pbe,144,440,8,1,1,4,r1,20,45.0392,7.769,952.084,911.5577,11119.0,73.6,-987.45483955,1,ok,nsim_scan/LiN3_144/pbe/nsim004/r1
LiN3_144,pbe,144,440,8,1,1,8,r1,20,43.8673,7.4801,930.179,889.3456,11329.0,74.7,-987.45483856,1,ok,nsim_scan/LiN3_144/pbe/nsim008/r1
LiN3_144,pbe,144,440,8,1,1,16,r1,20,43.5449,7.4868,924.862,883.9767,11393.0,74.1,-987.45483766,1,ok,nsim_scan/LiN3_144/pbe/nsim016/r1
LiN3_144,pbe,144,440,8,1,1,32,r1,20,42.7031,7.4711,909.987,869.3167,13369.0,74.6,-987.45483525,1,ok,nsim_scan/LiN3_144/pbe/nsim032/r1
LiN3_144,pbe,144,440,8,1,1,64,r1,20,42.6267,7.4905,915.672,874.1568,16291.0,73.9,-987.45483247,1,ok,nsim_scan/LiN3_144/pbe/nsim064/r1
LiN3_144,pbe,144,440,8,1,1,128,r1,20,42.8096,7.2904,931.536,890.6991,20251.0,74.1,-987.45482467,1,ok,nsim_scan/LiN3_144/pbe/nsim128/r1
MgO_032,hse,32,144,12,1,1,4,r1,11,483.7986,2.9469,,,5393.0,84.4,-227.44725044,,non lancé,nsim_scan/MgO_032/hse/nsim004/r1
MgO_032,hse,32,144,,1,1,8,r1,0,,,,,,,,,non lancé,nsim_scan/MgO_032/hse/nsim008/r1
MgO_032,hse,32,144,,1,1,16,r1,0,,,,,,,,,non lancé,nsim_scan/MgO_032/hse/nsim016/r1
MgO_032,hse,32,144,,1,1,32,r1,0,,,,,,,,,non lancé,nsim_scan/MgO_032/hse/nsim032/r1
MgO_032,hse,32,144,,1,1,64,r1,0,,,,,,,,,non lancé,nsim_scan/MgO_032/hse/nsim064/r1
MgO_032,hse,32,144,,1,1,128,r1,0,,,,,,,,,non lancé,nsim_scan/MgO_032/hse/nsim128/r1
MgO_032,pbe,32,144,12,1,1,4,r1,20,7.9035,1.0858,168.042,163.0241,4839.0,49.1,-189.5722552,1,ok,nsim_scan/MgO_032/pbe/nsim004/r1
MgO_032,pbe,32,144,12,1,1,8,r1,20,7.7039,1.169,163.6,158.6294,4871.0,49.2,-189.5722552,1,ok,nsim_scan/MgO_032/pbe/nsim008/r1
MgO_032,pbe,32,144,12,1,1,16,r1,20,7.6745,1.168,163.565,158.4881,5017.0,50.1,-189.57225518,1,ok,nsim_scan/MgO_032/pbe/nsim016/r1
MgO_032,pbe,32,144,12,1,1,32,r1,20,7.6656,1.0612,163.163,158.0717,5267.0,50.2,-189.57225518,1,ok,nsim_scan/MgO_032/pbe/nsim032/r1
MgO_032,pbe,32,144,12,1,1,64,r1,20,7.7675,0.9576,165.283,160.1233,5673.0,50.7,-189.57225518,1,ok,nsim_scan/MgO_032/pbe/nsim064/r1
MgO_032,pbe,32,144,12,1,1,128,r1,20,7.6757,0.9425,164.077,158.7989,6045.0,48.6,-189.57225519,1,ok,nsim_scan/MgO_032/pbe/nsim128/r1
Si_216,pbe,216,606,1,1,1,4,r1,20,19.7584,1.3926,501.334,424.8829,12407.0,64.2,-1168.37202804,1,ok,nsim_scan/Si_216/pbe/nsim004/r1
Si_216,pbe,216,606,1,1,1,8,r1,20,19.5921,1.3589,498.323,421.3182,12955.0,64.1,-1168.37199655,1,ok,nsim_scan/Si_216/pbe/nsim008/r1
Si_216,pbe,216,606,1,1,1,16,r1,20,19.7396,1.4357,502.926,425.3726,15097.0,63.6,-1168.37200907,1,ok,nsim_scan/Si_216/pbe/nsim016/r1
Si_216,pbe,216,606,1,1,1,32,r1,20,19.7322,1.3533,505.721,426.984,18437.0,63.7,-1168.37199481,1,ok,nsim_scan/Si_216/pbe/nsim032/r1
Si_216,pbe,216,606,1,1,1,64,r1,20,20.2579,1.2367,513.291,436.0654,24749.0,65.4,-1168.37202998,1,ok,nsim_scan/Si_216/pbe/nsim064/r1
Si_216,pbe,216,606,1,1,1,128,r1,20,20.8418,1.3841,529.104,449.4642,40293.0,65.2,-1168.37203005,1,ok,nsim_scan/Si_216/pbe/nsim128/r1
