label,variant,ngpu,step,wall_s,return_code,slurm_job,start
scal_Al_001,g1,1,relax1,176.01,0,172_0,2026-09-27T19:59:21+02:00
scal_Al_001,g1,1,sc4/displacements,0.48,,172_0,2026-09-27T20:02:18+02:00
scal_Al_001,g1,1,sc4/disp-001,848.95,0,172_0,2026-09-27T20:02:18+02:00
scal_Al_001,g1,1,sc4/post,6.03,,172_0,2026-09-27T20:16:33+02:00
scal_Al_001,g1,1,sc5/displacements,0.99,,172_0,2026-09-27T20:16:34+02:00
scal_Al_001,g1,1,sc5/disp-001,1881.69,0,172_0,2026-09-27T20:16:34+02:00
scal_Al_001,g1,1,sc5/post,6.22,,172_0,2026-09-27T20:48:02+02:00
scal_Al_001,g2k1,2,relax1,183.52,0,173_0,2026-09-27T23:00:37+02:00
scal_Al_001,g2k1,2,sc4/displacements,0.47,,173_0,2026-09-27T23:03:41+02:00
scal_Al_001,g2k1,2,sc4/disp-001,605.84,0,173_0,2026-09-27T23:03:41+02:00
scal_Al_001,g2k1,2,sc4/post,6.06,,173_0,2026-09-27T23:13:53+02:00
scal_Al_001,g2k1,2,sc5/displacements,0.97,,173_0,2026-09-27T23:13:54+02:00
scal_Al_001,g2k1,2,sc5/disp-001,1160.74,0,173_0,2026-09-27T23:13:54+02:00
scal_Al_001,g2k1,2,sc5/post,6.33,,173_0,2026-09-27T23:33:21+02:00
scal_MgO_002,g1,1,relax1,199.9,0,172_2,2026-09-27T21:16:23+02:00
scal_MgO_002,g1,1,relax2,168.8,0,172_2,2026-09-27T21:19:43+02:00
scal_MgO_002,g1,1,relax3,84.92,0,172_2,2026-09-27T21:22:32+02:00
scal_MgO_002,g1,1,born,1888.29,0,172_2,2026-09-27T21:23:56+02:00
scal_MgO_002,g1,1,sc3/displacements,0.31,,172_2,2026-09-27T21:55:26+02:00
scal_MgO_002,g1,1,sc3/disp-001,566.59,0,172_2,2026-09-27T21:55:26+02:00
scal_MgO_002,g1,1,sc3/disp-002,630.03,0,172_2,2026-09-27T22:04:52+02:00
scal_MgO_002,g1,1,sc3/post,10.41,,172_2,2026-09-27T22:15:33+02:00
scal_MgO_002,g1,1,sc4/displacements,0.75,,172_2,2026-09-27T22:15:34+02:00
scal_MgO_002,g1,1,sc4/disp-001,1347.01,0,172_2,2026-09-27T22:15:34+02:00
scal_MgO_002,g1,1,sc4/disp-002,1344.26,0,172_2,2026-09-27T22:38:01+02:00
scal_MgO_002,g1,1,sc4/post,10.65,,172_2,2026-09-27T23:00:36+02:00
scal_MgO_002,g2k1,2,relax1,181.36,0,173_2,2026-09-27T23:51:14+02:00
scal_MgO_002,g2k1,2,relax2,154.62,0,173_2,2026-09-27T23:54:15+02:00
scal_MgO_002,g2k1,2,relax3,81.76,0,173_2,2026-09-27T23:56:50+02:00
scal_MgO_002,g2k1,2,born,1379.79,0,173_2,2026-09-27T23:58:12+02:00
scal_MgO_002,g2k1,2,sc3/displacements,0.32,,173_2,2026-09-28T00:21:13+02:00
scal_MgO_002,g2k1,2,sc3/disp-001,458.72,0,173_2,2026-09-28T00:21:13+02:00
scal_MgO_002,g2k1,2,sc3/disp-002,508.0,0,173_2,2026-09-28T00:28:51+02:00
scal_MgO_002,g2k1,2,sc3/post,10.29,,173_2,2026-09-28T00:37:30+02:00
scal_MgO_002,g2k1,2,sc4/displacements,0.75,,173_2,2026-09-28T00:37:30+02:00
scal_MgO_002,g2k1,2,sc4/disp-001,872.13,0,173_2,2026-09-28T00:37:30+02:00
scal_MgO_002,g2k1,2,sc4/disp-002,897.01,0,173_2,2026-09-28T00:52:02+02:00
scal_MgO_002,g2k1,2,sc4/post,10.54,,173_2,2026-09-28T01:07:10+02:00
scal_Si_002,g1,1,relax1,73.66,0,172_1,2026-09-27T20:48:03+02:00
scal_Si_002,g1,1,relax2,33.36,0,172_1,2026-09-27T20:49:17+02:00
scal_Si_002,g1,1,sc3/displacements,0.22,,172_1,2026-09-27T20:49:51+02:00
scal_Si_002,g1,1,sc3/disp-001,362.78,0,172_1,2026-09-27T20:49:51+02:00
scal_Si_002,g1,1,sc3/post,9.41,,172_1,2026-09-27T20:56:03+02:00
scal_Si_002,g1,1,sc4/displacements,0.53,,172_1,2026-09-27T20:56:03+02:00
scal_Si_002,g1,1,sc4/disp-001,1208.55,0,172_1,2026-09-27T20:56:03+02:00
scal_Si_002,g1,1,sc4/post,9.6,,172_1,2026-09-27T21:16:22+02:00
scal_Si_002,g2k1,2,relax1,63.32,0,173_1,2026-09-27T23:33:22+02:00
scal_Si_002,g2k1,2,relax2,30.1,0,173_1,2026-09-27T23:34:26+02:00
scal_Si_002,g2k1,2,sc3/displacements,0.22,,173_1,2026-09-27T23:34:56+02:00
scal_Si_002,g2k1,2,sc3/disp-001,252.34,0,173_1,2026-09-27T23:34:56+02:00
scal_Si_002,g2k1,2,sc3/post,9.49,,173_1,2026-09-27T23:39:18+02:00
scal_Si_002,g2k1,2,sc4/displacements,0.54,,173_1,2026-09-27T23:39:18+02:00
scal_Si_002,g2k1,2,sc4/disp-001,704.67,0,173_1,2026-09-27T23:39:18+02:00
scal_Si_002,g2k1,2,sc4/post,9.62,,173_1,2026-09-27T23:51:13+02:00
