label,family,material_id,formula,nsites,func,calc,variant,ngpu,kpar,input_set,band_gap_eV,kmesh,n_ir_kpoints_est,mp_uncorrected_energy_per_atom,exe,dir,repeat,nkpts,nbands,nplwv,nelect,ispin,encut,elapsed_s,host_mem_mb,finished,converged_relax,n_scf,n_ionic,t_scf_mean_s,t_scf_median_s,t_ionic_mean_s,e0_eV,wall_s,return_code,other_jobs_on_node,slurm_job,gpu_mem_peak_mb,gpu_util_mean_pct,e_per_atom_eV,dE_vs_MP_meV_atom
scal_Al_001,scaling,mp-134,Al,1,pbe,relax,g1,1,1,MPRelaxSet,0.0,9x9x9,35,-3.74557583,vasp_std,runs/pbe_relax/scal_Al_001/g1,1,35.0,5.0,13824.0,3.0,2.0,520.0,14.252,1437.0,True,True,13,3,0.6617,0.6782,4.22,-3.72748191,14.702563117,0,2,40_0,2915.0,29.4,-3.72748,18.1
scal_Al_001,scaling,mp-134,Al,1,pbe,relax,g2k1,2,1,MPRelaxSet,0.0,9x9x9,35,-3.74557583,vasp_std,runs/pbe_relax/scal_Al_001/g2k1,1,35.0,6.0,13824.0,3.0,2.0,520.0,14.331,1313.8,True,True,13,3,0.6397,0.6368,3.83,-3.72748125,14.929110611,0,1,89_0,3091.0,26.2,-3.72748,18.1
scal_Al_001,scaling,mp-134,Al,1,pbe,relax,g2k2,2,2,MPRelaxSet,0.0,9x9x9,35,-3.74557583,vasp_std,runs/pbe_relax/scal_Al_001/g2k2,1,35.0,5.0,13824.0,3.0,2.0,520.0,10.026,1443.7,True,True,13,3,0.3997,0.4003,2.54,-3.72748191,10.631358875,0,1,89_1,2819.0,18.4,-3.72748,18.1
scal_Al_004,scaling,mp-134,Al,4,pbe,relax,g1,1,1,MPRelaxSet,0.0,6x6x6,20,-3.74557583,vasp_std,runs/pbe_relax/scal_Al_004/g1,1,20.0,11.0,27000.0,12.0,2.0,520.0,12.44,1650.3,True,True,10,1,0.8987,0.8913,10.66,-15.05873835,12.914186554,0,2,40_6,2953.0,21.9,-3.76468,-19.1
scal_Al_004,scaling,mp-134,Al,4,pbe,relax,g2k1,2,1,MPRelaxSet,0.0,6x6x6,20,-3.74557583,vasp_std,runs/pbe_relax/scal_Al_004/g2k1,1,20.0,12.0,27000.0,12.0,2.0,520.0,11.547,1386.2,True,True,10,1,0.7414,0.7046,8.51,-15.05873916,12.201932485,0,1,89_24,3113.0,15.4,-3.76468,-19.1
scal_Al_004,scaling,mp-134,Al,4,pbe,relax,g2k2,2,2,MPRelaxSet,0.0,6x6x6,20,-3.74557583,vasp_std,runs/pbe_relax/scal_Al_004/g2k2,1,20.0,11.0,27000.0,12.0,2.0,520.0,8.767,1657.3,True,True,10,1,0.5109,0.5549,6.06,-15.05873835,9.432867331,0,1,89_25,2855.0,26.0,-3.76468,-19.1
scal_Al_032,scaling,mp-134,Al,32,pbe,relax,g1,1,1,MPRelaxSet,0.0,3x3x3,4,-3.74557583,vasp_std,runs/pbe_relax/scal_Al_032/g1,1,4.0,75.0,216000.0,96.0,2.0,520.0,57.258,2004.9,True,True,14,3,2.3528,2.6804,17.69,-120.57084286,57.763036368,0,2,40_16,3421.0,13.2,-3.76784,-22.3
scal_Al_032,scaling,mp-134,Al,32,pbe,relax,g2k1,2,1,MPRelaxSet,0.0,3x3x3,4,-3.74557583,vasp_std,runs/pbe_relax/scal_Al_032/g2k1,1,4.0,76.0,216000.0,96.0,2.0,520.0,36.353,1591.4,True,True,14,3,1.4968,1.5732,10.67,-120.57084282,36.96841973,0,1,89_64,3397.0,12.1,-3.76784,-22.3
scal_Al_032,scaling,mp-134,Al,32,pbe,relax,g2k2,2,2,MPRelaxSet,0.0,3x3x3,4,-3.74557583,vasp_std,runs/pbe_relax/scal_Al_032/g2k2,1,4.0,75.0,216000.0,96.0,2.0,520.0,35.968,2013.9,True,True,14,3,1.3,1.4473,10.4,-120.57084286,36.631469027,0,1,89_65,3325.0,10.7,-3.76784,-22.3
scal_Al_064,scaling,mp-134,Al,64,pbe,relax,g1,1,1,MPRelaxSet,0.0,3x3x1,3,-3.74557583,vasp_std,runs/pbe_relax/scal_Al_064/g1,1,3.0,148.0,432000.0,192.0,2.0,520.0,122.128,2477.0,True,True,16,3,4.5786,5.4969,37.67,-240.04752457,122.644614889,0,1,87_0,4419.0,12.1,-3.75074,-5.2
scal_MgO_002,scaling,mp-1265,MgO,2,pbe,relax,g1,1,1,MPRelaxSet,4.4292,9x9x9,35,-5.98402468,vasp_std,runs/pbe_relax/scal_MgO_002/g1,1,35.0,12.0,13824.0,14.0,2.0,520.0,45.548,1637.2,True,True,23,3,1.5658,1.6895,14.62,-11.86723507,46.039212689,0,2,40_2,2921.0,34.9,-5.93362,50.4
scal_MgO_002,scaling,mp-1265,MgO,2,pbe,relax,g2k1,2,1,MPRelaxSet,4.4292,9x9x9,35,-5.98402468,vasp_std,runs/pbe_relax/scal_MgO_002/g2k1,1,35.0,12.0,13824.0,14.0,2.0,520.0,34.863,1382.4,True,True,23,3,1.1514,1.1254,10.64,-11.86723507,35.466647626,0,1,89_8,3095.0,34.1,-5.93362,50.4
scal_MgO_002,scaling,mp-1265,MgO,2,pbe,relax,g2k2,2,2,MPRelaxSet,4.4292,9x9x9,35,-5.98402468,vasp_std,runs/pbe_relax/scal_MgO_002/g2k2,1,35.0,12.0,13824.0,14.0,2.0,520.0,27.166,1644.0,True,True,23,3,0.8757,0.9689,8.24,-11.86723507,27.805922879,0,1,89_9,2825.0,37.4,-5.93362,50.4
scal_MgO_008,scaling,mp-1265,MgO,8,pbe,relax,g1,1,1,MPRelaxSet,4.4292,5x5x5,10,-5.98402468,vasp_std,runs/pbe_relax/scal_MgO_008/g1,1,10.0,35.0,32768.0,56.0,2.0,520.0,59.465,1673.9,True,True,25,3,1.8791,2.0589,19.17,-47.46913676,59.961954968,0,2,40_8,2993.0,42.1,-5.93364,50.4
scal_MgO_008,scaling,mp-1265,MgO,8,pbe,relax,g2k1,2,1,MPRelaxSet,4.4292,5x5x5,10,-5.98402468,vasp_std,runs/pbe_relax/scal_MgO_008/g2k1,1,10.0,36.0,32768.0,56.0,2.0,520.0,38.688,1415.5,True,True,25,3,1.1795,1.2168,11.84,-47.46914518,39.320121094,0,1,89_32,3139.0,28.9,-5.93364,50.4
scal_MgO_008,scaling,mp-1265,MgO,8,pbe,relax,g2k2,2,2,MPRelaxSet,4.4292,5x5x5,10,-5.98402468,vasp_std,runs/pbe_relax/scal_MgO_008/g2k2,1,10.0,35.0,32768.0,56.0,2.0,520.0,33.092,1679.8,True,True,25,3,0.9849,1.109,10.14,-47.46913676,33.780318768,0,1,89_33,2897.0,22.9,-5.93364,50.4
scal_MgO_016,scaling,mp-1265,MgO,16,pbe,relax,g1,1,1,MPRelaxSet,4.4292,2x5x5,12,-5.98402468,vasp_std,runs/pbe_relax/scal_MgO_016/g1,1,12.0,72.0,65536.0,112.0,2.0,520.0,127.125,1828.4,True,True,24,3,4.2336,4.6285,41.5,-94.93837921,127.613454127,0,2,40_12,3147.0,28.5,-5.93365,50.4
scal_MgO_016,scaling,mp-1265,MgO,16,pbe,relax,g2k1,2,1,MPRelaxSet,4.4292,2x5x5,12,-5.98402468,vasp_std,runs/pbe_relax/scal_MgO_016/g2k1,1,12.0,72.0,65536.0,112.0,2.0,520.0,79.593,1489.3,True,True,24,3,2.6268,2.6983,25.33,-94.93837921,80.209318913,0,1,89_48,3229.0,30.0,-5.93365,50.4
scal_MgO_016,scaling,mp-1265,MgO,16,pbe,relax,g2k2,2,2,MPRelaxSet,4.4292,2x5x5,12,-5.98402468,vasp_std,runs/pbe_relax/scal_MgO_016/g2k2,1,12.0,72.0,65536.0,112.0,2.0,520.0,68.695,1830.1,True,True,24,3,2.1927,2.3805,21.76,-94.93837921,69.350618754,0,1,89_49,3051.0,25.5,-5.93365,50.4
scal_MgO_032,scaling,mp-1265,MgO,32,pbe,relax,g1,1,1,MPRelaxSet,4.4292,2x2x5,9,-5.98402468,vasp_std,runs/pbe_relax/scal_MgO_032/g1,1,9.0,144.0,131072.0,224.0,2.0,520.0,217.965,2132.5,True,True,24,3,7.1747,7.8932,71.17,-189.87668275,218.463501725,0,2,40_17,3579.0,26.8,-5.93365,50.4
scal_MgO_032,scaling,mp-1265,MgO,32,pbe,relax,g2k1,2,1,MPRelaxSet,4.4292,2x2x5,9,-5.98402468,vasp_std,runs/pbe_relax/scal_MgO_032/g2k1,1,9.0,144.0,131072.0,224.0,2.0,520.0,132.122,1652.2,True,True,24,3,4.3435,4.5099,42.36,-189.87668275,132.757796548,0,1,89_66,3447.0,28.6,-5.93365,50.4
scal_MgO_032,scaling,mp-1265,MgO,32,pbe,relax,g2k2,2,2,MPRelaxSet,4.4292,2x2x5,9,-5.98402468,vasp_std,runs/pbe_relax/scal_MgO_032/g2k2,1,9.0,144.0,131072.0,224.0,2.0,520.0,122.991,2138.4,True,True,24,3,3.8951,4.2607,39.23,-189.87668274,123.662229082,0,1,89_67,3465.0,26.3,-5.93365,50.4
scal_MgO_064,scaling,mp-1265,MgO,64,pbe,relax,g1,1,1,MPRelaxSet,4.4292,2x2x2,4,-5.98402468,vasp_std,runs/pbe_relax/scal_MgO_064/g1,1,4.0,287.0,262144.0,448.0,2.0,520.0,308.693,2541.8,True,True,24,3,9.7752,11.1331,100.05,-379.7545854,309.204786562,0,2,40_23,4399.0,18.0,-5.93367,50.4
scal_Si_002,scaling,mp-149,Si,2,pbe,relax,g1,1,1,MPRelaxSet,0.6103,7x7x7,20,-5.42531803,vasp_std,runs/pbe_relax/scal_Si_002/g1,1,20.0,9.0,27000.0,8.0,2.0,520.0,19.516,1653.8,True,True,19,3,0.73,0.7393,5.95,-10.84140791,20.004501979,0,2,40_3,2951.0,33.4,-5.4207,4.6
scal_Si_002,scaling,mp-149,Si,2,pbe,relax,g2k1,2,1,MPRelaxSet,0.6103,7x7x7,20,-5.42531803,vasp_std,runs/pbe_relax/scal_Si_002/g2k1,1,20.0,10.0,27000.0,8.0,2.0,520.0,16.838,1384.4,True,True,19,3,0.5917,0.5448,4.68,-10.84140786,17.446153362,0,1,89_10,3111.0,30.0,-5.4207,4.6
scal_Si_002,scaling,mp-149,Si,2,pbe,relax,g2k2,2,2,MPRelaxSet,0.6103,7x7x7,20,-5.42531803,vasp_std,runs/pbe_relax/scal_Si_002/g2k2,1,20.0,9.0,27000.0,8.0,2.0,520.0,12.461,1660.4,True,True,19,3,0.404,0.4025,3.33,-10.84140791,13.093978572,0,1,89_11,2855.0,22.4,-5.4207,4.6
scal_Si_008,scaling,mp-149,Si,8,pbe,relax,g1,1,1,MPRelaxSet,0.6103,4x4x4,10,-5.42531803,vasp_std,runs/pbe_relax/scal_Si_008/g1,1,10.0,23.0,64000.0,32.0,2.0,520.0,31.273,1714.9,True,True,20,3,1.1185,1.1999,9.76,-43.38257561,31.773144685,0,2,40_9,3063.0,25.2,-5.42282,2.5
scal_Si_008,scaling,mp-149,Si,8,pbe,relax,g2k1,2,1,MPRelaxSet,0.6103,4x4x4,10,-5.42531803,vasp_std,runs/pbe_relax/scal_Si_008/g2k1,1,10.0,24.0,64000.0,32.0,2.0,520.0,22.593,1438.7,True,True,20,3,0.7667,0.7811,6.5,-43.38257584,23.261976115,0,1,89_34,3183.0,24.4,-5.42282,2.5
scal_Si_008,scaling,mp-149,Si,8,pbe,relax,g2k2,2,2,MPRelaxSet,0.6103,4x4x4,10,-5.42531803,vasp_std,runs/pbe_relax/scal_Si_008/g2k2,1,10.0,23.0,64000.0,32.0,2.0,520.0,19.297,1716.8,True,True,20,3,0.618,0.6551,5.49,-43.38257561,20.019171692,0,1,89_35,2975.0,17.3,-5.42282,2.5
scal_Si_016,scaling,mp-149,Si,16,pbe,relax,g1,1,1,MPRelaxSet,0.6103,2x4x4,12,-5.42531803,vasp_std,runs/pbe_relax/scal_Si_016/g1,1,12.0,46.0,134400.0,64.0,2.0,520.0,69.229,1931.0,True,True,20,3,2.5444,2.7213,22.07,-86.76625148,69.733939705,0,2,40_13,3321.0,28.7,-5.42289,2.4
scal_Si_016,scaling,mp-149,Si,16,pbe,relax,g2k1,2,1,MPRelaxSet,0.6103,2x4x4,12,-5.42531803,vasp_std,runs/pbe_relax/scal_Si_016/g2k1,1,12.0,46.0,134400.0,64.0,2.0,520.0,46.197,1540.9,True,True,20,3,1.6725,1.6755,14.11,-86.76625148,46.822881232,0,1,89_50,3347.0,33.0,-5.42289,2.4
scal_Si_016,scaling,mp-149,Si,16,pbe,relax,g2k2,2,2,MPRelaxSet,0.6103,2x4x4,12,-5.42531803,vasp_std,runs/pbe_relax/scal_Si_016/g2k2,1,12.0,46.0,134400.0,64.0,2.0,520.0,40.064,1937.5,True,True,20,3,1.3514,1.4557,12.07,-86.76625148,40.725594146,0,1,89_51,3225.0,25.2,-5.42289,2.4
scal_Si_032,scaling,mp-149,Si,32,pbe,relax,g1,1,1,MPRelaxSet,0.6103,2x2x4,9,-5.42531803,vasp_std,runs/pbe_relax/scal_Si_032/g1,1,9.0,91.0,282240.0,128.0,2.0,520.0,117.663,2388.1,True,True,20,3,4.2044,4.5743,37.3,-173.53225395,118.173261672,0,2,40_18,3863.0,24.5,-5.42288,2.4
scal_Si_032,scaling,mp-149,Si,32,pbe,relax,g2k1,2,1,MPRelaxSet,0.6103,2x2x4,9,-5.42531803,vasp_std,runs/pbe_relax/scal_Si_032/g2k1,1,9.0,92.0,282240.0,128.0,2.0,520.0,76.347,1797.0,True,True,20,3,2.7352,2.7218,23.57,-173.53225427,76.974890919,0,1,89_68,3625.0,29.0,-5.42288,2.4
scal_Si_032,scaling,mp-149,Si,32,pbe,relax,g2k2,2,2,MPRelaxSet,0.6103,2x2x4,9,-5.42531803,vasp_std,runs/pbe_relax/scal_Si_032/g2k2,1,9.0,91.0,282240.0,128.0,2.0,520.0,72.898,2393.0,True,True,20,3,2.3912,2.6256,22.09,-173.53225395,73.577843264,0,1,89_69,3767.0,24.4,-5.42288,2.4
scal_Si_064,scaling,mp-149,Si,64,pbe,relax,g1,1,1,MPRelaxSet,0.6103,2x2x2,4,-5.42531803,vasp_std,runs/pbe_relax/scal_Si_064/g1,1,4.0,180.0,592704.0,256.0,2.0,520.0,175.243,3027.3,True,True,20,3,5.8057,6.6756,54.06,-347.06060619,175.775600704,0,2,40_24,5269.0,19.4,-5.42282,2.5
scal_Al_001,scaling,mp-134,Al,1,pbe,sp,g1,1,1,MPStaticSet,0.0,11x11x11,56,-3.74557583,vasp_std,runs/pbe_sp/scal_Al_001/g1,1,56.0,5.0,13824.0,3.0,2.0,520.0,14.287,1437.7,True,False,10,1,1.0316,0.9876,12.34,-3.7460884,14.749216897,0,2,37_0,2913.0,38.2,-3.74609,-0.5
scal_Al_001,scaling,mp-134,Al,1,pbe,sp,g2k1,2,1,MPStaticSet,0.0,11x11x11,56,-3.74557583,vasp_std,runs/pbe_sp/scal_Al_001/g2k1,1,56.0,6.0,13824.0,3.0,2.0,520.0,13.936,1315.0,True,False,10,1,0.968,0.9466,11.05,-3.74608805,14.524450736,0,1,89_2,3095.0,27.2,-3.74609,-0.5
scal_Al_001,scaling,mp-134,Al,1,pbe,sp,g2k2,2,2,MPStaticSet,0.0,11x11x11,56,-3.74557583,vasp_std,runs/pbe_sp/scal_Al_001/g2k2,1,56.0,5.0,13824.0,3.0,2.0,520.0,9.5,1442.6,True,False,10,1,0.5909,0.6346,7.05,-3.7460884,10.117747408,0,1,89_3,2817.0,17.3,-3.74609,-0.5
scal_Al_004,scaling,mp-134,Al,4,pbe,sp,g1,1,1,MPStaticSet,0.0,7x7x7,20,-3.74557583,vasp_std,runs/pbe_sp/scal_Al_004/g1,1,20.0,11.0,27000.0,12.0,2.0,520.0,13.255,1651.1,True,False,10,1,0.933,0.9627,11.33,-14.99101784,13.736330492,0,2,37_6,2955.0,31.7,-3.74775,-2.2
scal_Al_004,scaling,mp-134,Al,4,pbe,sp,g2k1,2,1,MPStaticSet,0.0,7x7x7,20,-3.74557583,vasp_std,runs/pbe_sp/scal_Al_004/g2k1,1,20.0,12.0,27000.0,12.0,2.0,520.0,11.572,1388.5,True,False,10,1,0.7419,0.7066,8.58,-14.99101784,12.217523005,0,1,89_26,3115.0,21.0,-3.74775,-2.2
scal_Al_004,scaling,mp-134,Al,4,pbe,sp,g2k2,2,2,MPStaticSet,0.0,7x7x7,20,-3.74557583,vasp_std,runs/pbe_sp/scal_Al_004/g2k2,1,20.0,11.0,27000.0,12.0,2.0,520.0,8.973,1658.5,True,False,10,1,0.5252,0.5836,6.38,-14.99101784,9.701334177,0,1,89_27,2859.0,22.9,-3.74775,-2.2
scal_Al_032,scaling,mp-134,Al,32,pbe,sp,g1,1,1,MPStaticSet,0.0,3x3x3,4,-3.74557583,vasp_std,runs/pbe_sp/scal_Al_032/g1,1,4.0,75.0,216000.0,96.0,2.0,520.0,34.234,1992.0,True,False,10,1,2.2756,2.7808,29.95,-120.56416535,34.728597635,0,2,19_6,3425.0,14.8,-3.76763,-22.1
scal_Al_032,scaling,mp-134,Al,32,pbe,sp,g1,1,1,MPStaticSet,0.0,3x3x3,4,-3.74557583,vasp_std,runs/pbe_sp/scal_Al_032/g1_r2,2,4.0,75.0,216000.0,96.0,2.0,520.0,33.882,1977.4,True,False,10,1,2.2677,2.7719,29.82,-120.56416535,34.378027342,0,2,19_7,3425.0,20.7,-3.76763,-22.1
scal_Al_032,scaling,mp-134,Al,32,pbe,sp,g1,1,1,MPStaticSet,0.0,3x3x3,4,-3.74557583,vasp_std,runs/pbe_sp/scal_Al_032/g1_r3,3,4.0,75.0,216000.0,96.0,2.0,520.0,33.881,1977.6,True,False,10,1,2.2659,2.7738,29.8,-120.56416535,34.364758181,0,2,19_8,3425.0,21.8,-3.76763,-22.1
scal_Al_032,scaling,mp-134,Al,32,pbe,sp,g2k1,2,1,MPStaticSet,0.0,3x3x3,4,-3.74557583,vasp_std,runs/pbe_sp/scal_Al_032/g2k1,1,4.0,76.0,216000.0,96.0,2.0,520.0,22.816,1582.6,True,False,10,1,1.4708,1.6151,18.47,-120.56416518,23.436049468,0,1,89_70,3387.0,10.6,-3.76763,-22.1
scal_Al_032,scaling,mp-134,Al,32,pbe,sp,g2k2,2,2,MPStaticSet,0.0,3x3x3,4,-3.74557583,vasp_std,runs/pbe_sp/scal_Al_032/g2k2,1,4.0,75.0,216000.0,96.0,2.0,520.0,21.751,1981.0,True,False,10,1,1.2677,1.4968,16.99,-120.56416535,22.418912022,0,1,89_71,3329.0,20.2,-3.76763,-22.1
scal_Al_064,scaling,mp-134,Al,64,pbe,sp,g1,1,1,MPStaticSet,0.0,3x3x1,3,-3.74557583,vasp_std,runs/pbe_sp/scal_Al_064/g1,1,3.0,148.0,432000.0,192.0,2.0,520.0,83.183,2494.0,True,False,12,1,4.9686,6.1688,74.13,-239.96207036,83.682445619,0,1,87_1,4437.0,25.6,-3.74941,-3.8
scal_MgO_002,scaling,mp-1265,MgO,2,pbe,sp,g1,1,1,MPStaticSet,4.4292,11x11x11,56,-5.98402468,vasp_std,runs/pbe_sp/scal_MgO_002/g1,1,56.0,12.0,13824.0,14.0,2.0,520.0,36.126,1645.8,True,False,12,1,2.4652,2.5296,34.38,-11.84823817,36.602827764,0,2,37_2,2931.0,39.4,-5.92412,59.9
scal_MgO_002,scaling,mp-1265,MgO,2,pbe,sp,g2k1,2,1,MPStaticSet,4.4292,11x11x11,56,-5.98402468,vasp_std,runs/pbe_sp/scal_MgO_002/g2k1,1,56.0,12.0,13824.0,14.0,2.0,520.0,27.697,1388.7,True,False,12,1,1.8343,1.8297,24.71,-11.84823817,28.3000059,0,1,89_12,3103.0,34.6,-5.92412,59.9
scal_MgO_002,scaling,mp-1265,MgO,2,pbe,sp,g2k2,2,2,MPStaticSet,4.4292,11x11x11,56,-5.98402468,vasp_std,runs/pbe_sp/scal_MgO_002/g2k2,1,56.0,12.0,13824.0,14.0,2.0,520.0,21.217,1652.7,True,False,12,1,1.339,1.424,18.69,-11.84823817,21.861755724,0,1,89_13,2833.0,31.4,-5.92412,59.9
scal_MgO_008,scaling,mp-1265,MgO,8,pbe,sp,g1,1,1,MPStaticSet,4.4292,6x6x6,20,-5.98402468,vasp_std,runs/pbe_sp/scal_MgO_008/g1,1,20.0,35.0,32768.0,56.0,2.0,520.0,50.937,1714.9,True,False,14,1,3.0295,3.438,48.84,-47.39284094,51.432581748,0,2,37_8,3019.0,41.8,-5.92411,59.9
scal_MgO_008,scaling,mp-1265,MgO,8,pbe,sp,g2k1,2,1,MPStaticSet,4.4292,6x6x6,20,-5.98402468,vasp_std,runs/pbe_sp/scal_MgO_008/g2k1,1,20.0,36.0,32768.0,56.0,2.0,520.0,35.056,1431.8,True,False,14,1,2.0207,2.0311,31.74,-47.39283883,35.735358564,0,1,89_36,3151.0,27.9,-5.9241,59.9
scal_MgO_008,scaling,mp-1265,MgO,8,pbe,sp,g2k2,2,2,MPStaticSet,4.4292,6x6x6,20,-5.98402468,vasp_std,runs/pbe_sp/scal_MgO_008/g2k2,1,20.0,35.0,32768.0,56.0,2.0,520.0,28.44,1706.1,True,False,14,1,1.5814,1.766,25.58,-47.39284094,29.16713493,0,1,89_37,2923.0,37.4,-5.92411,59.9
scal_MgO_016,scaling,mp-1265,MgO,16,pbe,sp,g1,1,1,MPStaticSet,4.4292,3x6x6,20,-5.98402468,vasp_std,runs/pbe_sp/scal_MgO_016/g1,1,20.0,72.0,65536.0,112.0,2.0,520.0,97.108,1902.0,True,False,13,1,6.2195,6.8913,94.08,-94.78588552,97.601284137,0,2,37_10,3233.0,36.7,-5.92412,59.9
scal_MgO_016,scaling,mp-1265,MgO,16,pbe,sp,g2k1,2,1,MPStaticSet,4.4292,3x6x6,20,-5.98402468,vasp_std,runs/pbe_sp/scal_MgO_016/g2k1,1,20.0,72.0,65536.0,112.0,2.0,520.0,63.246,1533.7,True,False,13,1,4.0203,4.0096,59.2,-94.78588552,63.85950928,0,1,89_52,3273.0,38.5,-5.92412,59.9
scal_MgO_016,scaling,mp-1265,MgO,16,pbe,sp,g2k2,2,2,MPStaticSet,4.4292,3x6x6,20,-5.98402468,vasp_std,runs/pbe_sp/scal_MgO_016/g2k2,1,20.0,72.0,65536.0,112.0,2.0,520.0,52.702,1904.6,True,False,13,1,3.2135,3.5414,48.86,-94.78588552,53.35411914,0,1,89_53,3137.0,43.6,-5.92412,59.9
scal_MgO_032,scaling,mp-1265,MgO,32,pbe,sp,g1,1,1,MPStaticSet,4.4292,3x3x6,12,-5.98402468,vasp_std,runs/pbe_sp/scal_MgO_032/g1,1,12.0,144.0,131072.0,224.0,2.0,520.0,138.405,2266.9,True,False,13,1,8.719,10.0949,133.15,-189.57216321,138.898813338,0,2,19_9,3717.0,37.6,-5.92413,59.9
scal_MgO_032,scaling,mp-1265,MgO,32,pbe,sp,g1,1,1,MPStaticSet,4.4292,3x3x6,12,-5.98402468,vasp_std,runs/pbe_sp/scal_MgO_032/g1_r2,2,12.0,144.0,131072.0,224.0,2.0,520.0,137.987,2250.8,True,False,13,1,8.7066,10.0755,133.02,-189.57216321,138.479148342,0,2,19_10,3717.0,37.1,-5.92413,59.9
scal_MgO_032,scaling,mp-1265,MgO,32,pbe,sp,g1,1,1,MPStaticSet,4.4292,3x3x6,12,-5.98402468,vasp_std,runs/pbe_sp/scal_MgO_032/g1_r3,3,12.0,144.0,131072.0,224.0,2.0,520.0,137.842,2250.6,True,False,13,1,8.696,10.013,132.85,-189.57216321,138.335066329,0,2,19_11,3717.0,36.8,-5.92413,59.9
scal_MgO_032,scaling,mp-1265,MgO,32,pbe,sp,g2k1,2,1,MPStaticSet,4.4292,3x3x6,12,-5.98402468,vasp_std,runs/pbe_sp/scal_MgO_032/g2k1,1,12.0,144.0,131072.0,224.0,2.0,520.0,86.788,1717.9,True,False,13,1,5.4556,5.6202,81.26,-189.5721632,87.413934315,0,1,89_72,3531.0,37.1,-5.92413,59.9
scal_MgO_032,scaling,mp-1265,MgO,32,pbe,sp,g2k2,2,2,MPStaticSet,4.4292,3x3x6,12,-5.98402468,vasp_std,runs/pbe_sp/scal_MgO_032/g2k2,1,12.0,144.0,131072.0,224.0,2.0,520.0,75.021,2249.6,True,False,13,1,4.4998,5.1859,69.26,-189.57216321,75.682180689,0,1,89_73,3585.0,33.2,-5.92413,59.9
scal_MgO_064,scaling,mp-1265,MgO,64,pbe,sp,g1,1,1,MPStaticSet,4.4292,3x3x3,4,-5.98402468,vasp_std,runs/pbe_sp/scal_MgO_064/g1,1,4.0,287.0,262144.0,448.0,2.0,520.0,163.377,2554.1,True,False,13,1,9.8885,12.3179,154.68,-379.14638093,163.86967361,0,2,37_17,4405.0,28.4,-5.92416,59.9
scal_Si_002,scaling,mp-149,Si,2,pbe,sp,g1,1,1,MPStaticSet,0.6103,8x8x8,29,-5.42531803,vasp_std,runs/pbe_sp/scal_Si_002/g1,1,29.0,9.0,27000.0,8.0,2.0,520.0,14.935,1657.6,True,False,11,1,1.027,1.0539,13.31,-10.84387121,15.425314208,0,2,37_3,2951.0,34.8,-5.42194,3.4
scal_Si_002,scaling,mp-149,Si,2,pbe,sp,g2k1,2,1,MPStaticSet,0.6103,8x8x8,29,-5.42531803,vasp_std,runs/pbe_sp/scal_Si_002/g2k1,1,29.0,10.0,27000.0,8.0,2.0,520.0,13.287,1387.3,True,False,11,1,0.8458,0.8053,10.49,-10.84387304,13.885145163,0,1,89_14,3111.0,30.3,-5.42194,3.4
scal_Si_002,scaling,mp-149,Si,2,pbe,sp,g2k2,2,2,MPStaticSet,0.6103,8x8x8,29,-5.42531803,vasp_std,runs/pbe_sp/scal_Si_002/g2k2,1,29.0,9.0,27000.0,8.0,2.0,520.0,10.003,1665.9,True,False,11,1,0.5824,0.6139,7.52,-10.84387121,10.650193452,0,1,89_15,2859.0,22.4,-5.42194,3.4
scal_Si_008,scaling,mp-149,Si,8,pbe,sp,g1,1,1,MPStaticSet,0.6103,5x5x5,10,-5.42531803,vasp_std,runs/pbe_sp/scal_Si_008/g1,1,10.0,23.0,64000.0,32.0,2.0,520.0,18.214,1712.0,True,False,12,1,1.1131,1.2698,15.98,-43.38706443,18.838072432,0,2,19_0,3065.0,26.9,-5.42338,1.9
scal_Si_008,scaling,mp-149,Si,8,pbe,sp,g1,1,1,MPStaticSet,0.6103,5x5x5,10,-5.42531803,vasp_std,runs/pbe_sp/scal_Si_008/g1_r2,2,10.0,23.0,64000.0,32.0,2.0,520.0,18.211,1710.0,True,False,12,1,1.1202,1.2762,16.08,-43.38706443,18.746082893,0,2,19_1,3065.0,30.8,-5.42338,1.9
scal_Si_008,scaling,mp-149,Si,8,pbe,sp,g1,1,1,MPStaticSet,0.6103,5x5x5,10,-5.42531803,vasp_std,runs/pbe_sp/scal_Si_008/g1_r3,3,10.0,23.0,64000.0,32.0,2.0,520.0,17.89,1711.0,True,False,12,1,1.1084,1.2687,15.92,-43.38706443,18.364902176,0,2,19_2,3065.0,24.2,-5.42338,1.9
scal_Si_008,scaling,mp-149,Si,8,pbe,sp,g2k1,2,1,MPStaticSet,0.6103,5x5x5,10,-5.42531803,vasp_std,runs/pbe_sp/scal_Si_008/g2k1,1,10.0,24.0,64000.0,32.0,2.0,520.0,13.854,1437.4,True,False,12,1,0.7714,0.7621,10.72,-43.38706738,14.540136649,0,1,89_38,3177.0,19.8,-5.42338,1.9
scal_Si_008,scaling,mp-149,Si,8,pbe,sp,g2k2,2,2,MPStaticSet,0.6103,5x5x5,10,-5.42531803,vasp_std,runs/pbe_sp/scal_Si_008/g2k2,1,10.0,23.0,64000.0,32.0,2.0,520.0,11.89,1716.7,True,False,12,1,0.6289,0.7159,9.08,-43.38706443,12.625635553,0,1,89_39,2977.0,21.6,-5.42338,1.9
scal_Si_016,scaling,mp-149,Si,16,pbe,sp,g1,1,1,MPStaticSet,0.6103,2x5x5,12,-5.42531803,vasp_std,runs/pbe_sp/scal_Si_016/g1,1,12.0,46.0,134400.0,64.0,2.0,520.0,39.548,1938.8,True,False,12,1,2.5443,2.7467,36.56,-86.77669,40.034075614,0,2,37_11,3327.0,31.9,-5.42354,1.8
scal_Si_016,scaling,mp-149,Si,16,pbe,sp,g2k1,2,1,MPStaticSet,0.6103,2x5x5,12,-5.42531803,vasp_std,runs/pbe_sp/scal_Si_016/g2k1,1,12.0,46.0,134400.0,64.0,2.0,520.0,27.326,1540.6,True,False,12,1,1.7004,1.6922,23.61,-86.77669,27.946611758,0,1,89_54,3331.0,29.7,-5.42354,1.8
scal_Si_016,scaling,mp-149,Si,16,pbe,sp,g2k2,2,2,MPStaticSet,0.6103,2x5x5,12,-5.42531803,vasp_std,runs/pbe_sp/scal_Si_016/g2k2,1,12.0,46.0,134400.0,64.0,2.0,520.0,23.809,1931.4,True,False,12,1,1.3738,1.5084,19.96,-86.77669,24.465664612,0,1,89_55,3231.0,26.8,-5.42354,1.8
scal_Si_032,scaling,mp-149,Si,32,pbe,sp,g1,1,1,MPStaticSet,0.6103,2x2x5,9,-5.42531803,vasp_std,runs/pbe_sp/scal_Si_032/g1,1,9.0,91.0,282240.0,128.0,2.0,520.0,69.315,2404.3,True,False,12,1,4.367,4.7482,63.55,-173.53168838,69.812583071,0,2,37_14,3873.0,35.4,-5.42287,2.4
scal_Si_032,scaling,mp-149,Si,32,pbe,sp,g2k1,2,1,MPStaticSet,0.6103,2x2x5,9,-5.42531803,vasp_std,runs/pbe_sp/scal_Si_032/g2k1,1,9.0,92.0,282240.0,128.0,2.0,520.0,45.905,1781.9,True,False,12,1,2.8709,2.8866,40.37,-173.53169036,46.522534826,0,1,89_74,3623.0,29.6,-5.42287,2.4
scal_Si_032,scaling,mp-149,Si,32,pbe,sp,g2k2,2,2,MPStaticSet,0.6103,2x2x5,9,-5.42531803,vasp_std,runs/pbe_sp/scal_Si_032/g2k2,1,9.0,91.0,282240.0,128.0,2.0,520.0,43.478,2399.2,True,False,12,1,2.5013,2.7054,36.88,-173.53168838,44.145878631,0,1,89_75,3777.0,27.5,-5.42287,2.4
scal_Si_064,scaling,mp-149,Si,64,pbe,sp,g1,1,1,MPStaticSet,0.6103,2x2x2,4,-5.42531803,vasp_std,runs/pbe_sp/scal_Si_064/g1,1,4.0,180.0,592704.0,256.0,2.0,520.0,109.637,3052.8,True,False,12,1,6.5392,7.4621,96.34,-346.96657864,110.159161498,0,2,37_18,5287.0,30.1,-5.42135,4.0
scal_Al_001,scaling,mp-134,Al,1,r2scan,relax,g1,1,1,MPScanRelaxSet,0.0,13x13x13,84,-6.73209833,vasp_std,runs/r2scan_relax/scal_Al_001/g1,1,84.0,5.0,13824.0,3.0,2.0,680.0,101.34,1463.5,True,True,20,3,4.2025,4.6602,33.2,-6.73512247,101.793005852,0,2,40_1,3025.0,34.1,-6.73512,-3.0
scal_Al_001,scaling,mp-134,Al,1,r2scan,relax,g2k1,2,1,MPScanRelaxSet,0.0,13x13x13,84,-6.73209833,vasp_std,runs/r2scan_relax/scal_Al_001/g2k1,1,84.0,6.0,13824.0,3.0,2.0,680.0,85.008,1326.7,True,True,20,3,3.5081,3.7375,27.34,-6.7351225,85.604174385,0,1,89_4,3189.0,36.2,-6.73512,-3.0
scal_Al_001,scaling,mp-134,Al,1,r2scan,relax,g2k2,2,2,MPScanRelaxSet,0.0,13x13x13,84,-6.73209833,vasp_std,runs/r2scan_relax/scal_Al_001/g2k2,1,84.0,5.0,13824.0,3.0,2.0,680.0,57.838,1470.2,True,True,20,3,2.3234,2.5768,18.44,-6.73512247,58.444370227,0,1,89_5,2929.0,31.9,-6.73512,-3.0
scal_Al_004,scaling,mp-134,Al,4,r2scan,relax,g1,1,1,MPScanRelaxSet,0.0,8x8x8,35,-6.73209833,vasp_std,runs/r2scan_relax/scal_Al_004/g1,1,35.0,11.0,46656.0,12.0,2.0,680.0,166.001,1776.2,True,True,27,4,5.1535,5.2931,41.01,-26.95441988,166.494412898,0,2,40_7,3175.0,26.1,-6.7386,-6.5
scal_Al_004,scaling,mp-134,Al,4,r2scan,relax,g2k1,2,1,MPScanRelaxSet,0.0,8x8x8,35,-6.73209833,vasp_std,runs/r2scan_relax/scal_Al_004/g2k1,1,35.0,12.0,46656.0,12.0,2.0,680.0,105.733,1454.7,True,True,26,4,3.3353,3.4268,25.63,-26.95441571,106.395535763,0,1,89_28,3283.0,31.3,-6.7386,-6.5
scal_Al_004,scaling,mp-134,Al,4,r2scan,relax,g2k2,2,2,MPScanRelaxSet,0.0,8x8x8,35,-6.73209833,vasp_std,runs/r2scan_relax/scal_Al_004/g2k2,1,35.0,11.0,46656.0,12.0,2.0,680.0,94.024,1779.5,True,True,27,4,2.8514,2.9065,22.79,-26.95441988,94.732833451,0,1,89_29,3079.0,23.0,-6.7386,-6.5
scal_Al_032,scaling,mp-134,Al,32,r2scan,relax,g1,1,1,MPScanRelaxSet,0.0,4x4x4,10,-6.73209833,vasp_std,runs/r2scan_relax/scal_Al_032/g1,1,10.0,75.0,343000.0,96.0,2.0,680.0,593.625,3643.3,True,True,26,3,19.5431,21.3696,195.49,-215.62251473,594.194607138,0,2,40_19,5237.0,17.4,-6.7382,-6.1
scal_Al_032,scaling,mp-134,Al,32,r2scan,relax,g2k1,2,1,MPScanRelaxSet,0.0,4x4x4,10,-6.73209833,vasp_std,runs/r2scan_relax/scal_Al_032/g2k1,1,10.0,76.0,343000.0,96.0,2.0,680.0,366.84,2477.4,True,True,26,3,12.1134,13.0758,120.19,-215.62251589,367.502136983,0,1,89_76,4431.0,17.5,-6.7382,-6.1
scal_Al_032,scaling,mp-134,Al,32,r2scan,relax,g2k2,2,2,MPScanRelaxSet,0.0,4x4x4,10,-6.73209833,vasp_std,runs/r2scan_relax/scal_Al_032/g2k2,1,10.0,75.0,343000.0,96.0,2.0,680.0,359.867,3647.8,True,True,26,3,11.6763,12.7331,117.31,-215.62251473,360.591273262,0,1,89_77,5141.0,16.9,-6.7382,-6.1
scal_Al_064,scaling,mp-134,Al,64,r2scan,relax,g1,1,1,MPScanRelaxSet,0.0,4x4x2,12,-6.73209833,vasp_std,runs/r2scan_relax/scal_Al_064/g1,1,12.0,148.0,686000.0,192.0,2.0,680.0,1943.265,9678.9,True,True,31,3,56.0477,51.1509,640.29,-431.24530341,1944.024063969,0,2,40_25,12447.0,22.2,-6.73821,-6.1
scal_MgO_002,scaling,mp-1265,MgO,2,r2scan,relax,g1,1,1,MPScanRelaxSet,4.4292,6x6x6,16,-8.064220455,vasp_std,runs/r2scan_relax/scal_MgO_002/g1,1,16.0,12.0,21952.0,14.0,2.0,680.0,66.419,1657.5,True,True,21,2,2.7432,3.0747,32.33,-16.12745955,66.900280888,0,2,40_4,3115.0,21.1,-8.06373,0.5
scal_MgO_002,scaling,mp-1265,MgO,2,r2scan,relax,g2k1,2,1,MPScanRelaxSet,4.4292,6x6x6,16,-8.064220455,vasp_std,runs/r2scan_relax/scal_MgO_002/g2k1,1,16.0,12.0,21952.0,14.0,2.0,680.0,46.717,1389.5,True,True,21,2,1.8684,2.0347,21.96,-16.12745955,47.321501693,0,1,89_16,3273.0,20.1,-8.06373,0.5
scal_MgO_002,scaling,mp-1265,MgO,2,r2scan,relax,g2k2,2,2,MPScanRelaxSet,4.4292,6x6x6,16,-8.064220455,vasp_std,runs/r2scan_relax/scal_MgO_002/g2k2,1,16.0,12.0,21952.0,14.0,2.0,680.0,41.473,1663.8,True,True,21,2,1.6453,1.8406,19.48,-16.12745955,42.136488538,0,1,89_17,3019.0,17.0,-8.06373,0.5
scal_MgO_008,scaling,mp-1265,MgO,8,r2scan,relax,g1,1,1,MPScanRelaxSet,4.4292,4x4x4,10,-8.064220455,vasp_std,runs/r2scan_relax/scal_MgO_008/g1,1,10.0,35.0,46656.0,56.0,2.0,680.0,270.419,1799.3,True,True,31,3,7.7195,7.8906,89.41,-64.50442766,270.92619043,0,2,40_10,3203.0,17.4,-8.06305,1.2
scal_MgO_008,scaling,mp-1265,MgO,8,r2scan,relax,g2k1,2,1,MPScanRelaxSet,4.4292,4x4x4,10,-8.064220455,vasp_std,runs/r2scan_relax/scal_MgO_008/g2k1,1,10.0,36.0,46656.0,56.0,2.0,680.0,185.12,1474.8,True,True,34,3,4.8785,4.4474,60.63,-64.50444013,185.800275401,0,1,89_40,3301.0,19.0,-8.06306,1.2
scal_MgO_008,scaling,mp-1265,MgO,8,r2scan,relax,g2k2,2,2,MPScanRelaxSet,4.4292,4x4x4,10,-8.064220455,vasp_std,runs/r2scan_relax/scal_MgO_008/g2k2,1,10.0,35.0,46656.0,56.0,2.0,680.0,145.898,1806.5,True,True,31,3,4.1046,4.1781,47.65,-64.50442766,146.619419678,0,1,89_41,3107.0,15.5,-8.06305,1.2
scal_MgO_016,scaling,mp-1265,MgO,16,r2scan,relax,g1,1,1,MPScanRelaxSet,4.4292,2x4x4,12,-8.064220455,vasp_std,runs/r2scan_relax/scal_MgO_016/g1,1,12.0,72.0,93312.0,112.0,2.0,680.0,696.34,2281.9,True,True,34,3,18.5512,17.397,230.99,-129.00911604,696.855024004,0,2,40_14,3721.0,19.3,-8.06307,1.2
scal_MgO_016,scaling,mp-1265,MgO,16,r2scan,relax,g2k1,2,1,MPScanRelaxSet,4.4292,2x4x4,12,-8.064220455,vasp_std,runs/r2scan_relax/scal_MgO_016/g2k1,1,12.0,72.0,93312.0,112.0,2.0,680.0,394.361,1730.0,True,True,34,3,10.4763,9.6993,130.1,-129.00911604,395.004560486,0,1,89_56,3575.0,22.3,-8.06307,1.2
scal_MgO_016,scaling,mp-1265,MgO,16,r2scan,relax,g2k2,2,2,MPScanRelaxSet,4.4292,2x4x4,12,-8.064220455,vasp_std,runs/r2scan_relax/scal_MgO_016/g2k2,1,12.0,72.0,93312.0,112.0,2.0,680.0,368.88,2290.3,True,True,34,3,9.7532,9.0949,121.63,-129.00911604,369.566175671,0,1,89_57,3625.0,19.8,-8.06307,1.2
scal_MgO_032,scaling,mp-1265,MgO,32,r2scan,relax,g1,1,1,MPScanRelaxSet,4.4292,2x2x4,9,-8.064220455,vasp_std,runs/r2scan_relax/scal_MgO_032/g1,1,9.0,144.0,186624.0,224.0,2.0,680.0,1528.113,3411.7,True,True,39,3,36.0976,31.5469,507.22,-258.01864184,1528.658835403,0,2,40_20,5077.0,17.0,-8.06308,1.1
scal_MgO_032,scaling,mp-1265,MgO,32,r2scan,relax,g2k1,2,1,MPScanRelaxSet,4.4292,2x2x4,9,-8.064220455,vasp_std,runs/r2scan_relax/scal_MgO_032/g2k1,1,9.0,144.0,186624.0,224.0,2.0,680.0,854.621,2316.5,True,True,39,3,20.1654,17.4563,282.84,-258.01864184,855.290319231,0,1,89_78,4243.0,20.1,-8.06308,1.1
scal_MgO_032,scaling,mp-1265,MgO,32,r2scan,relax,g2k2,2,2,MPScanRelaxSet,4.4292,2x2x4,9,-8.064220455,vasp_std,runs/r2scan_relax/scal_MgO_032/g2k2,1,9.0,144.0,186624.0,224.0,2.0,680.0,851.076,3430.2,True,True,39,3,19.9943,17.5117,281.38,-258.01864184,851.799839352,0,1,89_79,4957.0,17.3,-8.06308,1.1
scal_MgO_064,scaling,mp-1265,MgO,64,r2scan,relax,g1,1,1,MPScanRelaxSet,4.4292,2x2x2,4,-8.064220455,vasp_std,runs/r2scan_relax/scal_MgO_064/g1,1,4.0,287.0,373248.0,448.0,2.0,680.0,2863.939,4829.3,True,True,46,3,57.8264,50.3998,950.66,-516.03942576,2864.547281894,0,2,40_26,6681.0,10.7,-8.06312,1.1
scal_Si_002,scaling,mp-149,Si,2,r2scan,relax,g1,1,1,MPScanRelaxSet,0.6103,7x7x7,20,-8.773764595,vasp_std,runs/r2scan_relax/scal_Si_002/g1,1,20.0,9.0,46656.0,8.0,2.0,680.0,31.179,1719.1,True,True,13,1,2.0578,2.6028,29.4,-17.54264016,31.675627397,0,2,40_5,3153.0,27.0,-8.77132,2.4
scal_Si_002,scaling,mp-149,Si,2,r2scan,relax,g2k1,2,1,MPScanRelaxSet,0.6103,7x7x7,20,-8.773764595,vasp_std,runs/r2scan_relax/scal_Si_002/g2k1,1,20.0,10.0,46656.0,8.0,2.0,680.0,22.79,1414.5,True,True,12,1,1.4801,1.7685,19.49,-17.54263625,23.474739176,0,1,89_18,3297.0,21.8,-8.77132,2.4
scal_Si_002,scaling,mp-149,Si,2,r2scan,relax,g2k2,2,2,MPScanRelaxSet,0.6103,7x7x7,20,-8.773764595,vasp_std,runs/r2scan_relax/scal_Si_002/g2k2,1,20.0,9.0,46656.0,8.0,2.0,680.0,19.814,1725.3,True,True,13,1,1.1661,1.4524,16.71,-17.54264016,20.54445163,0,1,89_19,3057.0,22.2,-8.77132,2.4
scal_Si_008,scaling,mp-149,Si,8,r2scan,relax,g1,1,1,MPScanRelaxSet,0.6103,5x5x5,10,-8.773764595,vasp_std,runs/r2scan_relax/scal_Si_008/g1,1,10.0,23.0,110592.0,32.0,2.0,680.0,92.249,1911.5,True,True,18,2,4.3055,5.3245,44.94,-70.20196005,92.741737269,0,2,40_11,3395.0,18.7,-8.77525,-1.5
scal_Si_008,scaling,mp-149,Si,8,r2scan,relax,g2k1,2,1,MPScanRelaxSet,0.6103,5x5x5,10,-8.773764595,vasp_std,runs/r2scan_relax/scal_Si_008/g2k1,1,10.0,24.0,110592.0,32.0,2.0,680.0,60.673,1555.2,True,True,18,2,2.7668,3.3276,28.62,-70.20196085,61.357558094,0,1,89_42,3417.0,24.2,-8.77525,-1.5
scal_Si_008,scaling,mp-149,Si,8,r2scan,relax,g2k2,2,2,MPScanRelaxSet,0.6103,5x5x5,10,-8.773764595,vasp_std,runs/r2scan_relax/scal_Si_008/g2k2,1,10.0,23.0,110592.0,32.0,2.0,680.0,54.542,1915.9,True,True,18,2,2.4471,3.0238,25.67,-70.20196005,55.250685284,0,1,89_43,3299.0,11.7,-8.77525,-1.5
scal_Si_016,scaling,mp-149,Si,16,r2scan,relax,g1,1,1,MPScanRelaxSet,0.6103,3x5x5,12,-8.773764595,vasp_std,runs/r2scan_relax/scal_Si_016/g1,1,12.0,46.0,221184.0,64.0,2.0,680.0,215.098,2608.2,True,True,19,2,9.6692,11.7864,105.29,-140.40774703,215.624043637,0,2,40_15,4167.0,21.6,-8.77548,-1.7
scal_Si_016,scaling,mp-149,Si,16,r2scan,relax,g2k1,2,1,MPScanRelaxSet,0.6103,3x5x5,12,-8.773764595,vasp_std,runs/r2scan_relax/scal_Si_016/g2k1,1,12.0,46.0,221184.0,64.0,2.0,680.0,132.943,1932.1,True,True,19,2,5.9402,7.0167,64.14,-140.40774703,133.58520436,0,1,89_58,3843.0,23.3,-8.77548,-1.7
scal_Si_016,scaling,mp-149,Si,16,r2scan,relax,g2k2,2,2,MPScanRelaxSet,0.6103,3x5x5,12,-8.773764595,vasp_std,runs/r2scan_relax/scal_Si_016/g2k2,1,12.0,46.0,221184.0,64.0,2.0,680.0,125.206,2614.2,True,True,19,2,5.4881,6.7099,60.05,-140.40774703,125.904972007,0,1,89_59,4075.0,20.7,-8.77548,-1.7
scal_Si_032,scaling,mp-149,Si,32,r2scan,relax,g1,1,1,MPScanRelaxSet,0.6103,3x3x5,9,-8.773764595,vasp_std,runs/r2scan_relax/scal_Si_032/g1,1,9.0,91.0,442368.0,128.0,2.0,680.0,397.049,4296.6,True,True,19,2,17.7763,21.9691,194.04,-280.81898524,397.641312724,0,2,40_21,6039.0,16.5,-8.77559,-1.8
scal_Si_032,scaling,mp-149,Si,32,r2scan,relax,g2k1,2,1,MPScanRelaxSet,0.6103,3x3x5,9,-8.773764595,vasp_std,runs/r2scan_relax/scal_Si_032/g2k1,1,9.0,92.0,442368.0,128.0,2.0,680.0,,,False,False,5,0,4.3016,3.4507,,-294.9612638,,,,,4817.0,29.3,-9.21754,-443.8
scal_Si_064,scaling,mp-149,Si,64,r2scan,relax,g1,1,1,MPScanRelaxSet,0.6103,3x3x3,4,-8.773764595,vasp_std,runs/r2scan_relax/scal_Si_064/g1,1,4.0,180.0,884736.0,256.0,2.0,680.0,693.292,6358.9,True,True,19,2,30.6418,38.7803,336.73,-561.63734957,693.994535328,0,2,40_27,9437.0,15.7,-8.77558,-1.8
scal_Al_001,scaling,mp-134,Al,1,r2scan,sp,g1,1,1,MPScanStaticSet,0.0,13x13x13,84,-6.73209833,vasp_std,runs/r2scan_sp/scal_Al_001/g1,1,84.0,5.0,13824.0,3.0,2.0,680.0,39.464,1456.1,True,False,11,1,2.9503,3.372,37.53,-6.73058504,39.933484161,0,2,37_1,2933.0,50.5,-6.73059,1.5
scal_Al_001,scaling,mp-134,Al,1,r2scan,sp,g2k1,2,1,MPScanStaticSet,0.0,13x13x13,84,-6.73209833,vasp_std,runs/r2scan_sp/scal_Al_001/g2k1,1,84.0,6.0,13824.0,3.0,2.0,680.0,31.792,1327.5,True,False,11,1,2.3064,2.4204,28.86,-6.7305849,32.383931843,0,1,89_6,3109.0,36.2,-6.73058,1.5
scal_Al_001,scaling,mp-134,Al,1,r2scan,sp,g2k2,2,2,MPScanStaticSet,0.0,13x13x13,84,-6.73209833,vasp_std,runs/r2scan_sp/scal_Al_001/g2k2,1,84.0,5.0,13824.0,3.0,2.0,680.0,22.986,1465.4,True,False,11,1,1.6006,1.8067,20.45,-6.73058504,23.602773109,0,1,89_7,2837.0,45.5,-6.73059,1.5
scal_Al_004,scaling,mp-134,Al,4,r2scan,sp,g1,1,1,MPScanStaticSet,0.0,8x8x8,35,-6.73209833,vasp_std,runs/r2scan_sp/scal_Al_004/g1,1,35.0,11.0,46656.0,12.0,2.0,680.0,48.954,1725.8,True,False,13,1,3.165,3.7485,47.01,-26.93520629,49.437145916,0,2,37_7,3047.0,43.6,-6.7338,-1.7
scal_Al_004,scaling,mp-134,Al,4,r2scan,sp,g2k1,2,1,MPScanStaticSet,0.0,8x8x8,35,-6.73209833,vasp_std,runs/r2scan_sp/scal_Al_004/g2k1,1,35.0,12.0,46656.0,12.0,2.0,680.0,33.807,1435.0,True,False,13,1,2.0892,2.2285,30.61,-26.93520567,34.4579424,0,1,89_30,3191.0,37.2,-6.7338,-1.7
scal_Al_004,scaling,mp-134,Al,4,r2scan,sp,g2k2,2,2,MPScanStaticSet,0.0,8x8x8,35,-6.73209833,vasp_std,runs/r2scan_sp/scal_Al_004/g2k2,1,35.0,11.0,46656.0,12.0,2.0,680.0,28.556,1733.0,True,False,13,1,1.7274,2.0293,25.79,-26.93520629,29.263210863,0,1,89_31,2951.0,46.4,-6.7338,-1.7
scal_Al_032,scaling,mp-134,Al,32,r2scan,sp,g1,1,1,MPScanStaticSet,0.0,4x4x4,10,-6.73209833,vasp_std,runs/r2scan_sp/scal_Al_032/g1,1,10.0,75.0,343000.0,96.0,2.0,680.0,180.885,2688.8,True,False,15,1,10.0512,12.657,173.84,-215.43164387,181.399341158,0,2,19_12,4237.0,34.1,-6.73224,-0.1
scal_Al_032,scaling,mp-134,Al,32,r2scan,sp,g1,1,1,MPScanStaticSet,0.0,4x4x4,10,-6.73209833,vasp_std,runs/r2scan_sp/scal_Al_032/g1_r2,2,10.0,75.0,343000.0,96.0,2.0,680.0,180.345,2680.6,True,False,15,1,10.031,12.6251,173.64,-215.43164387,180.858727996,0,2,19_13,4237.0,36.1,-6.73224,-0.1
scal_Al_032,scaling,mp-134,Al,32,r2scan,sp,g1,1,1,MPScanStaticSet,0.0,4x4x4,10,-6.73209833,vasp_std,runs/r2scan_sp/scal_Al_032/g1_r3,3,10.0,75.0,343000.0,96.0,2.0,680.0,180.958,2680.5,True,False,15,1,10.0636,12.6876,174.19,-215.43164387,181.474100248,0,2,19_14,4237.0,36.5,-6.73224,-0.1
scal_Al_064,scaling,mp-134,Al,64,r2scan,sp,g1,1,1,MPScanStaticSet,0.0,4x4x2,12,-6.73209833,vasp_std,runs/r2scan_sp/scal_Al_064/g1,1,12.0,148.0,686000.0,192.0,2.0,680.0,653.754,5190.6,True,False,20,1,28.5464,33.7167,632.94,-430.95285735,654.313255835,0,2,37_19,7803.0,46.4,-6.73364,-1.5
scal_MgO_002,scaling,mp-1265,MgO,2,r2scan,sp,g1,1,1,MPScanStaticSet,4.4292,6x6x6,16,-8.064220455,vasp_std,runs/r2scan_sp/scal_MgO_002/g1,1,16.0,12.0,21952.0,14.0,2.0,680.0,30.908,1674.0,True,False,15,1,1.6992,1.9737,28.96,-16.12670964,31.457421231,0,2,37_4,2963.0,30.2,-8.06335,0.9
scal_MgO_002,scaling,mp-1265,MgO,2,r2scan,sp,g2k1,2,1,MPScanStaticSet,4.4292,6x6x6,16,-8.064220455,vasp_std,runs/r2scan_sp/scal_MgO_002/g2k1,1,16.0,12.0,21952.0,14.0,2.0,680.0,21.737,1395.3,True,False,15,1,1.1163,1.2559,18.85,-16.12670965,22.406034054,0,1,89_20,3125.0,24.8,-8.06335,0.9
scal_MgO_002,scaling,mp-1265,MgO,2,r2scan,sp,g2k2,2,2,MPScanStaticSet,4.4292,6x6x6,16,-8.064220455,vasp_std,runs/r2scan_sp/scal_MgO_002/g2k2,1,16.0,12.0,21952.0,14.0,2.0,680.0,19.555,1664.5,True,False,15,1,0.9966,1.1557,17.05,-16.12670964,20.249428426,0,1,89_21,2867.0,22.2,-8.06335,0.9
scal_MgO_008,scaling,mp-1265,MgO,8,r2scan,sp,g1,1,1,MPScanStaticSet,4.4292,4x4x4,10,-8.064220455,vasp_std,runs/r2scan_sp/scal_MgO_008/g1,1,10.0,35.0,46656.0,56.0,2.0,680.0,76.001,1728.6,True,False,16,1,4.0933,4.8779,74.04,-64.49902748,76.481653424,0,2,37_9,3055.0,29.6,-8.06238,1.8
scal_MgO_008,scaling,mp-1265,MgO,8,r2scan,sp,g2k1,2,1,MPScanStaticSet,4.4292,4x4x4,10,-8.064220455,vasp_std,runs/r2scan_sp/scal_MgO_008/g2k1,1,10.0,36.0,46656.0,56.0,2.0,680.0,45.694,1451.1,True,False,16,1,2.3762,2.7366,42.63,-64.49902751,46.366465868,0,1,89_44,3191.0,29.5,-8.06238,1.8
scal_MgO_008,scaling,mp-1265,MgO,8,r2scan,sp,g2k2,2,2,MPScanStaticSet,4.4292,4x4x4,10,-8.064220455,vasp_std,runs/r2scan_sp/scal_MgO_008/g2k2,1,10.0,35.0,46656.0,56.0,2.0,680.0,42.34,1734.3,True,False,16,1,2.1738,2.5665,39.44,-64.49902748,43.011388613,0,1,89_45,2959.0,23.0,-8.06238,1.8
scal_MgO_016,scaling,mp-1265,MgO,16,r2scan,sp,g1,1,1,MPScanStaticSet,4.4292,2x4x4,12,-8.064220455,vasp_std,runs/r2scan_sp/scal_MgO_016/g1,1,12.0,72.0,93312.0,112.0,2.0,680.0,172.664,1968.4,True,False,16,1,9.4151,11.1277,169.77,-128.9983181,173.153557714,0,2,37_12,3317.0,35.4,-8.06239,1.8
scal_MgO_016,scaling,mp-1265,MgO,16,r2scan,sp,g2k1,2,1,MPScanStaticSet,4.4292,2x4x4,12,-8.064220455,vasp_std,runs/r2scan_sp/scal_MgO_016/g2k1,1,12.0,72.0,93312.0,112.0,2.0,680.0,98.938,1580.3,True,False,16,1,5.3094,5.9307,95.09,-128.99831773,99.57702751,0,1,89_60,3339.0,33.7,-8.06239,1.8
scal_MgO_016,scaling,mp-1265,MgO,16,r2scan,sp,g2k2,2,2,MPScanStaticSet,4.4292,2x4x4,12,-8.064220455,vasp_std,runs/r2scan_sp/scal_MgO_016/g2k2,1,12.0,72.0,93312.0,112.0,2.0,680.0,92.162,1974.7,True,False,16,1,4.8831,5.7792,88.38,-128.9983181,92.818610442,0,1,89_61,3221.0,38.1,-8.06239,1.8
scal_MgO_032,scaling,mp-1265,MgO,32,r2scan,sp,g1,1,1,MPScanStaticSet,4.4292,2x2x4,9,-8.064220455,vasp_std,runs/r2scan_sp/scal_MgO_032/g1,1,9.0,144.0,186624.0,224.0,2.0,680.0,337.936,2485.1,True,False,18,1,16.4983,19.6041,332.16,-257.99703695,338.442492358,0,2,19_15,4021.0,37.3,-8.06241,1.8
scal_MgO_032,scaling,mp-1265,MgO,32,r2scan,sp,g1,1,1,MPScanStaticSet,4.4292,2x2x4,9,-8.064220455,vasp_std,runs/r2scan_sp/scal_MgO_032/g1_r2,2,9.0,144.0,186624.0,224.0,2.0,680.0,335.037,2467.6,True,False,18,1,16.389,19.4344,329.69,-257.99703695,335.539953163,0,2,19_16,4017.0,37.0,-8.06241,1.8
scal_MgO_032,scaling,mp-1265,MgO,32,r2scan,sp,g1,1,1,MPScanStaticSet,4.4292,2x2x4,9,-8.064220455,vasp_std,runs/r2scan_sp/scal_MgO_032/g1_r3,3,9.0,144.0,186624.0,224.0,2.0,680.0,337.887,2469.6,True,False,18,1,16.5343,19.6278,332.47,-257.99703695,338.37580191,0,2,19_17,4017.0,38.5,-8.06241,1.8
scal_MgO_064,scaling,mp-1265,MgO,64,r2scan,sp,g1,1,1,MPScanStaticSet,4.4292,2x2x2,4,-8.064220455,vasp_std,runs/r2scan_sp/scal_MgO_064/g1,1,4.0,287.0,373248.0,448.0,2.0,680.0,469.721,3170.6,True,False,17,1,23.671,29.436,458.41,-515.99619872,470.253133448,0,2,37_20,4933.0,28.5,-8.06244,1.8
scal_Si_002,scaling,mp-149,Si,2,r2scan,sp,g1,1,1,MPScanStaticSet,0.6103,7x7x7,20,-8.773764595,vasp_std,runs/r2scan_sp/scal_Si_002/g1,1,20.0,9.0,46656.0,8.0,2.0,680.0,24.446,1719.1,True,False,13,1,1.5265,1.75,22.7,-17.5418986,24.92329167,0,2,37_5,3023.0,51.2,-8.77095,2.8
scal_Si_002,scaling,mp-149,Si,2,r2scan,sp,g2k1,2,1,MPScanStaticSet,0.6103,7x7x7,20,-8.773764595,vasp_std,runs/r2scan_sp/scal_Si_002/g2k1,1,20.0,10.0,46656.0,8.0,2.0,680.0,19.357,1415.2,True,False,13,1,1.0773,1.1361,15.75,-17.54189861,20.094082398,0,1,89_22,3175.0,26.2,-8.77095,2.8
scal_Si_002,scaling,mp-149,Si,2,r2scan,sp,g2k2,2,2,MPScanStaticSet,0.6103,7x7x7,20,-8.773764595,vasp_std,runs/r2scan_sp/scal_Si_002/g2k2,1,20.0,9.0,46656.0,8.0,2.0,680.0,15.559,1709.1,True,False,13,1,0.8661,0.9703,12.93,-17.5418986,16.304676803,0,1,89_23,2927.0,26.4,-8.77095,2.8
scal_Si_008,scaling,mp-149,Si,8,r2scan,sp,g1,1,1,MPScanStaticSet,0.6103,5x5x5,10,-8.773764595,vasp_std,runs/r2scan_sp/scal_Si_008/g1,1,10.0,23.0,110592.0,32.0,2.0,680.0,42.099,1851.6,True,False,13,1,2.6073,3.2535,39.65,-70.19720693,42.585443497,0,2,19_3,3235.0,31.8,-8.77465,-0.9
scal_Si_008,scaling,mp-149,Si,8,r2scan,sp,g1,1,1,MPScanStaticSet,0.6103,5x5x5,10,-8.773764595,vasp_std,runs/r2scan_sp/scal_Si_008/g1_r2,2,10.0,23.0,110592.0,32.0,2.0,680.0,42.187,1837.2,True,False,13,1,2.6255,3.2685,39.96,-70.19720693,42.674262902,0,2,19_4,3235.0,32.5,-8.77465,-0.9
scal_Si_008,scaling,mp-149,Si,8,r2scan,sp,g1,1,1,MPScanStaticSet,0.6103,5x5x5,10,-8.773764595,vasp_std,runs/r2scan_sp/scal_Si_008/g1_r3,3,10.0,23.0,110592.0,32.0,2.0,680.0,41.91,1837.1,True,False,13,1,2.6081,3.2601,39.66,-70.19720693,42.392531879,0,2,19_5,3235.0,34.4,-8.77465,-0.9
scal_Si_008,scaling,mp-149,Si,8,r2scan,sp,g2k1,2,1,MPScanStaticSet,0.6103,5x5x5,10,-8.773764595,vasp_std,runs/r2scan_sp/scal_Si_008/g2k1,1,10.0,24.0,110592.0,32.0,2.0,680.0,27.725,1519.3,True,False,13,1,1.6314,1.9048,24.48,-70.19720722,28.364852403,0,1,89_46,3293.0,40.1,-8.77465,-0.9
scal_Si_008,scaling,mp-149,Si,8,r2scan,sp,g2k2,2,2,MPScanStaticSet,0.6103,5x5x5,10,-8.773764595,vasp_std,runs/r2scan_sp/scal_Si_008/g2k2,1,10.0,23.0,110592.0,32.0,2.0,680.0,25.642,1837.6,True,False,13,1,1.4741,1.8421,22.56,-70.19720693,26.30727849,0,1,89_47,3125.0,30.3,-8.77465,-0.9
scal_Si_016,scaling,mp-149,Si,16,r2scan,sp,g1,1,1,MPScanStaticSet,0.6103,3x5x5,12,-8.773764595,vasp_std,runs/r2scan_sp/scal_Si_016/g1,1,12.0,46.0,221184.0,64.0,2.0,680.0,101.352,2208.5,True,False,14,1,6.0437,7.3461,97.48,-140.39821898,101.847217154,0,2,37_13,3651.0,43.8,-8.77489,-1.1
scal_Si_016,scaling,mp-149,Si,16,r2scan,sp,g2k1,2,1,MPScanStaticSet,0.6103,3x5x5,12,-8.773764595,vasp_std,runs/r2scan_sp/scal_Si_016/g2k1,1,12.0,46.0,221184.0,64.0,2.0,680.0,61.902,1727.7,True,False,14,1,3.6097,4.086,57.58,-140.39821897,62.533190262,0,1,89_62,3561.0,37.4,-8.77489,-1.1
scal_Si_016,scaling,mp-149,Si,16,r2scan,sp,g2k2,2,2,MPScanStaticSet,0.6103,3x5x5,12,-8.773764595,vasp_std,runs/r2scan_sp/scal_Si_016/g2k2,1,12.0,46.0,221184.0,64.0,2.0,680.0,59.056,2205.5,True,False,14,1,3.3498,4.1066,54.51,-140.39821898,59.725400775,0,1,89_63,3555.0,38.2,-8.77489,-1.1
scal_Si_032,scaling,mp-149,Si,32,r2scan,sp,g1,1,1,MPScanStaticSet,0.6103,3x3x5,9,-8.773764595,vasp_std,runs/r2scan_sp/scal_Si_032/g1,1,9.0,91.0,442368.0,128.0,2.0,680.0,183.534,3022.6,True,False,14,1,10.8154,13.3386,175.49,-280.79989698,184.062594476,0,2,37_15,4707.0,39.8,-8.775,-1.2
scal_Si_064,scaling,mp-149,Si,64,r2scan,sp,g1,1,1,MPScanStaticSet,0.6103,3x3x3,4,-8.773764595,vasp_std,runs/r2scan_sp/scal_Si_064/g1,1,4.0,180.0,884736.0,256.0,2.0,680.0,324.247,4247.1,True,False,14,1,18.642,23.5866,305.07,-561.59912702,324.821749425,0,2,37_21,7169.0,33.8,-8.77499,-1.2
